TAZ,CPA
1,103
2,103
3,103
4,103
5,103
6,103
7,103
8,103
9,103
10,103
11,103
12,103
13,103
14,103
15,103
16,103
17,103
18,103
19,103
20,103
21,103
22,103
23,103
24,103
25,103
26,103
27,103
28,103
29,103
30,103
31,103
32,103
33,103
34,103
35,103
36,103
37,103
38,103
39,103
40,103
41,103
42,103
43,103
44,103
45,103
46,103
47,103
48,103
49,103
50,103
51,103
52,103
53,103
54,103
55,103
56,103
57,103
58,103
59,103
60,103
61,103
62,103
63,103
64,103
65,103
66,103
67,103
68,103
69,103
70,103
71,103
72,103
73,103
74,103
75,103
76,103
77,103
78,103
79,103
80,103
81,103
82,103
83,103
84,103
85,103
86,103
87,103
88,103
89,103
90,103
91,103
92,103
93,103
94,103
95,103
96,103
97,103
98,103
99,103
100,103
101,103
102,103
103,103
104,103
105,103
106,103
107,103
108,103
109,103
110,103
111,103
112,103
113,103
114,103
115,103
116,103
117,103
118,103
119,103
120,103
121,103
122,103
123,103
124,103
125,103
126,103
127,103
128,103
129,103
130,103
131,103
132,103
133,103
134,103
135,103
136,103
137,103
138,103
139,103
140,103
141,103
142,103
143,103
401,107
402,107
403,107
404,107
405,107
406,107
407,107
408,107
409,107
410,107
411,107
412,107
413,107
414,107
415,107
416,107
417,107
418,107
419,107
420,107
421,107
422,107
423,107
424,107
425,107
426,107
427,107
428,107
429,107
430,107
431,107
432,107
433,107
434,107
435,107
601,109
602,109
603,109
604,109
605,109
606,109
607,109
608,109
609,109
610,109
611,109
612,109
613,109
614,109
615,109
616,109
617,109
618,109
619,109
620,109
621,109
622,109
623,109
624,109
625,109
626,109
627,109
628,109
629,109
630,109
801,112
802,112
803,112
804,112
805,112
806,112
807,112
808,112
809,112
810,112
811,112
812,112
813,112
814,112
815,112
816,112
817,112
818,112
819,112
820,112
821,112
822,112
823,112
824,112
825,112
826,112
827,112
828,112
829,112
830,112
831,112
832,112
833,112
834,112
835,112
836,112
837,112
838,112
839,112
840,112
841,112
842,112
843,112
844,112
845,112
846,112
847,112
848,112
849,112
1001,110
1002,110
1003,110
1004,110
1005,110
1006,110
1007,110
1008,110
1009,110
1010,110
1011,110
1012,110
1013,110
1014,110
1015,110
1016,110
1017,110
1018,110
1019,110
1020,110
1021,110
1022,110
1023,110
1024,110
1025,110
1026,110
1027,110
1028,110
1029,110
1030,110
1031,110
1032,110
1033,110
1034,110
1035,110
1036,110
1037,110
1038,110
1039,110
1040,110
1201,111
1202,111
1203,111
1204,111
1205,111
1206,111
1207,111
1208,111
1209,111
1210,111
1211,111
1212,111
1213,111
1214,111
1215,111
1216,111
1217,111
1218,111
1219,111
1220,111
1221,111
1222,111
1223,111
1224,111
1225,111
1226,111
1227,111
1228,111
1229,111
1230,111
1231,111
1232,111
1233,111
1234,111
1235,111
1236,111
1237,111
1401,101
1402,101
1403,101
1404,101
1405,101
1406,101
1407,101
1408,101
1409,101
1410,101
1411,101
1412,101
1413,101
1414,101
1415,101
1416,101
1417,101
1418,101
1419,101
1420,101
1421,101
1422,101
1423,101
1424,101
1425,101
1426,101
1427,101
1428,101
1429,101
1430,101
1431,101
1432,101
1433,101
1434,101
1435,101
1436,101
1437,101
1438,101
1439,101
1440,101
1441,101
1442,101
1443,101
1444,101
1445,101
1601,114
1602,114
1603,114
1604,114
1605,114
1606,114
1607,114
1608,114
1609,114
1610,114
1611,114
1612,114
1613,114
1614,114
1615,114
1616,114
1617,114
1618,114
1619,114
1620,114
1621,114
1622,114
1623,114
1624,114
1625,114
1626,114
1627,114
1628,114
1801,105
1802,105
1803,105
1804,105
1805,105
1806,105
1807,105
1808,105
1809,105
1810,105
1811,105
1812,105
1813,105
1814,105
1815,105
1816,105
1817,105
1818,105
1819,105
1820,105
1821,105
1822,105
2001,102
2002,102
2003,102
2004,102
2005,102
2006,102
2007,102
2008,102
2009,102
2010,102
2011,102
2012,102
2013,102
2014,102
2015,102
2016,102
2017,102
2018,102
2019,102
2020,102
2021,102
2022,102
2023,102
2201,106
2202,106
2203,106
2204,106
2205,106
2206,106
2207,106
2208,106
2209,106
2210,106
2211,106
2212,106
2213,106
2214,106
2215,106
2216,106
2217,106
2218,111
2401,117
2402,117
2403,117
2404,117
2405,117
2406,117
2407,117
2408,117
2409,117
2410,117
2411,117
2412,117
2413,117
2414,117
2415,117
2416,117
2417,117
2418,117
2419,117
2420,117
2421,117
2422,117
2423,117
2424,117
2425,117
2426,117
2427,117
2428,117
2429,117
2430,117
2431,117
2432,117
2433,117
2434,117
2435,117
2436,117
2437,117
2438,117
2439,117
2440,117
2441,117
2442,117
2601,115
2602,115
2603,115
2604,115
2605,115
2606,115
2607,115
2608,115
2609,115
2610,115
2611,115
2612,115
2613,115
2614,115
2615,115
2616,115
2617,115
2618,115
2619,115
2620,115
2621,115
2622,115
2623,115
2624,115
2625,115
2626,115
2627,115
2628,115
2629,115
2630,115
2631,115
2632,115
2633,115
2634,115
2635,115
2636,115
2637,115
2638,115
2639,115
2640,115
2641,115
2642,115
2643,115
2644,115
2645,115
2646,115
2801,118
2802,118
2803,118
2804,118
2805,118
2806,118
2807,118
2808,118
2809,118
2810,118
2811,118
2812,118
2813,118
2814,118
2815,118
2816,118
2817,118
2818,118
2819,118
2820,118
2821,118
2822,118
2823,118
2824,118
2825,118
3001,104
3002,104
3003,104
3004,104
3005,104
3006,104
3007,104
3008,104
3009,104
3010,104
3011,104
3012,104
3013,104
3014,104
3015,104
3016,104
3017,104
3018,104
3019,104
3020,104
3021,104
3022,104
3023,104
3024,104
3025,104
3026,104
3027,104
3028,104
3029,104
3030,104
3031,104
3032,104
3033,104
3034,104
3201,108
3202,108
3203,108
3204,108
3205,108
3206,108
3207,108
3208,108
3209,108
3210,108
3211,108
3212,108
3213,108
3214,108
3215,108
3216,108
3217,108
3218,108
3219,108
3220,108
3221,108
3222,108
3401,113
3402,113
3403,113
3404,113
3405,113
3406,113
3407,113
3408,113
3409,113
3410,113
3411,113
3412,113
3413,113
3414,113
3415,113
3416,113
3417,113
3418,113
3419,113
3420,113
3421,113
3422,113
3423,113
3601,116
3602,116
3603,116
3604,116
3605,116
3606,116
3607,116
3608,116
3609,116
3610,116
3611,116
3612,116
3613,116
3614,116
3615,116
3616,116
3617,116
3618,116
3619,116
3620,116
3621,116
3622,116
3623,116
3624,116
3625,116
3626,116
4001,201
4002,201
4003,201
4004,201
4005,201
4006,201
4007,201
4008,201
4009,201
4010,201
4011,201
4012,201
4013,201
4014,201
4015,201
4016,201
4017,201
4018,201
4019,201
4020,201
4021,201
4022,201
4023,201
4024,201
4025,201
4026,201
4027,201
4028,201
4029,201
4030,201
4031,201
4032,201
4033,201
4034,201
4035,201
4036,201
4037,201
4038,201
4039,201
4040,201
4041,201
4042,201
4043,201
4044,201
4045,201
4046,201
4047,201
4048,201
4049,201
4050,201
4051,201
4052,201
4201,202
4202,202
4203,202
4204,202
4205,202
4206,202
4207,202
4208,202
4209,202
4210,202
4211,202
4212,202
4213,202
4214,202
4215,202
4216,202
4217,202
4218,202
4219,202
4220,202
4221,202
4222,202
4223,202
4224,202
4225,202
4226,202
4227,202
4228,202
4229,202
4230,202
4231,202
4232,202
4233,202
4234,202
4235,202
4236,202
4237,202
4238,202
4239,202
4240,202
4241,202
4242,202
4243,202
4244,202
4245,202
4246,202
4247,202
4248,202
4249,202
4250,202
4251,202
4252,202
4253,202
4254,202
4255,202
4256,202
4257,202
4258,202
4259,202
4401,203
4402,203
4403,203
4404,203
4405,203
4406,203
4407,203
4408,203
4409,203
4410,203
4411,203
4412,203
4413,203
4414,203
4415,203
4416,203
4417,203
4418,203
4419,203
4420,203
4421,203
4422,203
4423,203
4424,203
4425,203
4426,203
4427,203
4428,203
4429,203
4430,203
4431,203
4432,203
4433,203
4434,203
4435,203
4436,203
4437,203
4438,203
4439,203
4440,203
4441,203
4442,203
4443,203
4444,203
4445,203
4446,203
4447,203
4448,203
4449,203
4450,203
4451,203
4452,203
4453,203
4454,203
4455,203
4456,203
4457,203
4458,203
4459,203
4460,203
4461,203
4462,203
4463,203
4464,203
4465,203
4466,203
4467,203
4601,204
4602,204
4603,204
4604,204
4605,204
4606,204
4607,204
4608,204
4609,204
4610,204
4611,204
4612,204
4613,204
4614,204
4615,204
4616,204
4617,204
4618,204
4619,204
4620,204
4621,204
4622,204
4623,204
4624,204
4801,205
4802,205
4803,205
4804,205
4805,205
4806,205
4807,205
4808,205
4809,205
4810,205
4811,205
4812,205
4813,205
4814,205
4815,205
4816,205
4817,205
4818,205
4819,205
4820,205
4821,205
4822,205
4823,205
4824,205
4825,205
4826,205
4827,205
4828,205
4829,205
4830,205
4831,205
4832,205
4833,205
5001,206
5002,206
5003,206
5004,206
5005,206
5006,206
5007,206
5008,206
5009,206
5010,206
5011,206
5012,206
5013,206
5014,206
5015,206
5016,206
5017,206
5018,206
5019,206
5020,206
5021,206
5022,206
5023,206
5024,206
5025,206
5026,206
5027,206
5028,206
5029,206
5030,206
5031,206
5032,206
5033,206
5034,206
5035,206
5036,206
5037,206
5038,206
5039,206
5040,206
5041,206
5042,206
5043,206
5044,206
5045,206
5046,206
5047,206
5048,206
5049,206
5050,206
5051,206
5052,206
5053,206
5054,206
5055,206
5056,206
5057,206
5058,206
5059,206
5060,206
5061,206
6001,301
6002,301
6003,301
6004,301
6005,301
6006,301
6007,301
6008,301
6009,301
6010,301
6011,301
6012,301
6013,301
6014,301
6015,301
6016,301
6201,302
6202,302
6203,302
6204,302
6205,302
6206,302
6207,302
6208,302
6209,302
6210,302
6211,302
6212,302
6213,302
6214,302
6215,302
6216,302
6217,302
6218,302
6219,302
6220,302
6221,302
6222,302
6223,302
6224,302
6401,303
6402,303
6403,303
6404,303
6405,303
6406,303
6407,303
6408,303
6409,303
6410,303
6411,303
6412,303
6413,303
6414,303
6415,303
6416,303
6417,303
6418,303
6419,303
6420,303
6421,303
6601,304
6602,304
6603,304
6604,304
6605,304
6606,304
6607,304
6608,304
6609,304
6610,304
6611,304
6612,304
6613,304
6614,304
6615,304
6616,304
6617,304
6618,304
6619,304
6620,304
6621,304
6622,304
6623,304
6624,304
6625,304
6626,304
6627,304
6801,305
6802,305
6803,305
6804,305
6805,305
6806,305
6807,305
6808,305
6809,305
6810,305
6811,305
6812,305
6813,305
6814,305
6815,305
7001,306
7002,306
7003,306
7004,306
7005,306
7006,306
7007,306
7008,306
7009,306
7010,306
7011,306
7012,306
7013,306
7014,306
7015,306
7016,306
7017,306
7018,306
7019,306
7020,306
7021,306
7022,306
7023,306
7024,306
7025,306
7026,306
7027,306
7028,306
7029,306
7030,306
7031,306
7032,306
7033,306
7034,306
7035,306
7036,306
7037,306
7038,306
7039,306
7040,306
7041,306
7042,306
7043,306
7044,306
7045,306
7046,306
7047,306
7048,306
7049,306
7050,306
7051,306
7052,306
7053,306
7054,306
7055,306
7056,306
7057,306
7058,306
7059,306
7201,307
7202,307
7203,307
7204,307
7205,307
7206,307
7207,307
7208,307
7209,307
7210,307
7211,307
7212,307
7213,307
7214,307
7215,307
7216,307
7217,307
7218,307
7219,307
7220,307
7221,307
7222,307
7223,307
7224,307
7225,307
7226,307
7227,307
7228,307
7229,307
7230,307
7231,307
7232,307
7233,307
7234,307
7235,307
7236,307
7237,307
7238,307
7239,307
7240,307
7241,307
7401,308
7402,308
7403,308
7404,308
7405,308
7406,308
7407,308
7408,308
7409,308
7410,308
7411,308
7412,308
7413,308
7414,308
7415,308
7416,308
7417,308
7418,308
7419,308
7420,308
7421,308
7422,308
7423,308
7424,308
7425,308
7426,308
7427,308
7428,308
7429,308
7430,308
7431,308
7432,308
7433,308
7434,308
7435,308
7436,308
7437,308
7438,308
7439,308
7440,308
7601,309
7602,309
7603,309
7604,309
7605,309
7606,309
7607,309
7608,309
7609,309
7610,309
7611,309
7801,310
7802,310
7803,310
7804,310
7805,310
7806,310
7807,310
7808,310
7809,310
7810,310
7811,310
7812,310
7813,310
7814,310
7815,310
7816,310
7817,310
7818,310
7819,310
7820,310
7821,310
7822,310
7823,310
7824,310
7825,310
7826,310
7827,310
7828,310
7829,310
8001,311
8002,311
8003,311
8004,311
8005,311
8006,311
8007,311
8008,311
8009,311
8010,311
8011,311
8012,311
8013,311
8014,311
8015,311
8016,311
8017,311
8018,311
8019,311
8020,311
8021,311
8022,311
8023,311
8024,311
8025,311
8026,311
8027,311
8028,311
8201,312
8202,312
8203,312
8204,312
8205,312
8206,312
8207,312
8208,312
8209,312
8210,312
8211,312
8212,312
8213,312
8214,312
8215,312
8216,312
8217,312
8218,312
8219,312
8401,313
8402,313
8403,313
8404,313
8405,313
8406,313
8407,313
8408,313
8409,313
8410,313
8411,313
8412,313
8413,313
8414,313
8415,313
8416,313
8417,313
8418,313
8419,313
8420,313
8421,313
8422,313
8423,313
8424,313
8425,313
8426,313
8427,313
8428,313
8429,313
8430,313
8431,313
8432,313
8433,313
8434,313
8435,313
8436,313
8437,313
8438,313
8439,313
8440,313
10001,401
10002,401
10003,401
10004,401
10005,401
10006,401
10007,401
10008,401
10009,401
10010,401
10011,401
10012,401
10013,401
10014,401
10015,401
10016,401
10017,401
10018,401
10019,401
10020,401
10021,401
10022,401
10023,401
10024,401
10025,401
10026,401
10027,401
10028,401
10029,401
10030,401
10031,401
10032,401
10033,401
10034,401
10035,401
10036,401
10037,401
10038,401
10039,401
10201,402
10202,402
10203,402
10204,402
10205,402
10206,402
10207,402
10208,402
10209,402
10210,402
10211,402
10212,402
10213,402
10214,402
10215,402
10216,402
10217,402
10218,402
10219,402
10220,402
10221,402
10222,402
10223,402
10224,402
10225,402
10226,402
10227,402
10228,402
10401,403
10402,403
10403,403
10404,403
10405,403
10406,403
10407,403
10408,403
10409,403
10410,403
10411,403
10412,403
10413,403
10414,403
10415,403
10416,403
10417,403
10418,403
10419,403
10420,403
10421,403
10422,403
10423,403
10424,403
10425,403
10426,403
10427,403
10428,403
10429,403
10430,403
10431,403
10432,403
10433,403
10434,403
10435,403
10436,403
10437,403
10438,403
10439,403
10440,403
10441,403
10442,403
10443,403
10444,403
10445,403
10446,403
10447,403
10448,403
10449,403
10601,404
10602,404
10603,404
10604,404
10605,404
10606,404
10607,404
10608,404
10609,404
10610,404
10611,404
10612,404
10613,404
10614,404
10615,404
10616,404
10617,404
10618,404
10619,404
10620,404
10621,404
10622,404
10623,404
10624,404
10625,404
10626,404
10627,404
10628,404
10629,404
10630,404
10801,405
10802,405
10803,405
10804,405
10805,405
10806,405
10807,405
10808,405
10809,405
10810,405
10811,405
10812,405
10813,405
10814,405
10815,405
10816,405
10817,405
10818,405
10819,405
10820,405
10821,405
10822,405
10823,405
11001,406
11002,406
11003,406
11004,406
11005,406
11006,406
11007,406
11008,406
11009,406
11010,406
11011,406
11012,406
11013,406
11014,406
11015,406
11016,406
11017,406
11018,406
11019,406
11020,406
11021,406
11022,406
11023,406
11024,406
11025,406
11026,406
11027,406
11028,406
11029,406
11030,406
11031,406
11032,406
11033,406
11034,406
11035,406
11036,406
11037,406
11038,406
11039,406
11040,406
11041,406
11042,406
11043,406
11201,407
11202,407
11203,407
11204,407
11205,407
11206,407
11207,407
11208,407
11209,407
11210,407
11211,407
11212,407
11401,408
11402,408
11403,408
11404,408
11405,408
11406,408
11407,408
11408,408
11409,408
11410,408
11411,408
11412,408
11413,408
11414,408
11415,408
11416,408
11417,408
11418,408
11419,408
11420,408
11421,408
11422,408
11423,408
11424,408
11425,408
11426,408
11427,408
11428,408
11601,409
11602,409
11603,409
11604,409
11605,409
11606,409
11607,409
11608,409
11609,409
11610,409
11611,409
11612,409
11613,409
11614,409
11615,409
11616,409
11617,409
11618,409
11619,409
11620,409
11621,409
11622,409
11623,409
11624,409
11625,409
11626,409
11627,409
11628,409
11629,409
11630,409
11631,409
11632,409
11633,409
11634,409
11635,409
11636,409
11637,409
11638,409
11639,409
11640,409
11641,409
11642,409
11643,409
11644,409
11645,409
11646,409
11647,409
11648,409
11801,410
11802,410
11803,410
11804,410
11805,410
11806,410
11807,410
11808,410
11809,410
11810,410
11811,410
11812,410
11813,410
11814,410
11815,410
11816,410
11817,410
11818,410
11819,410
11820,410
11821,410
11822,410
11823,410
11824,410
11825,410
11826,410
11827,410
11828,410
11829,410
11830,410
11831,410
11832,410
11833,410
11834,410
11835,410
11836,410
11837,410
11838,410
11839,410
11840,410
11841,410
11842,410
11843,410
11844,410
12001,411
12002,411
12003,411
12004,411
12005,411
12006,411
12007,411
12008,411
12009,411
12010,411
12011,411
12012,411
12013,411
12014,411
12015,411
12016,411
12017,411
12018,411
12019,411
12020,411
12021,411
12022,411
12023,411
12024,411
12025,411
12026,411
12027,411
12028,411
12029,411
12030,411
12031,411
12032,411
12033,411
12034,411
12035,411
12036,411
12201,412
12202,412
12203,412
12204,412
12205,412
12206,412
12207,412
12208,412
12209,412
12210,412
12211,412
12212,412
12213,412
12214,412
12215,412
12216,412
12217,412
12218,412
12219,412
12220,412
12221,412
12222,412
12223,412
12224,412
12225,412
12226,412
12227,412
12228,412
12229,412
12230,412
12231,412
12232,412
12233,412
12234,412
12235,412
12236,412
12237,412
12238,412
12239,412
12240,412
12241,412
12242,412
12243,412
12244,412
12245,412
12246,412
12247,412
12248,412
12249,412
12250,412
12251,412
12252,412
12253,412
12254,412
12255,412
12256,412
12401,413
12402,413
12403,413
12404,413
12405,413
12406,413
12407,413
12408,413
12409,413
12410,413
12411,413
12412,413
12413,413
12414,413
12415,413
12416,413
12417,413
12418,413
12419,413
12420,413
12421,413
12422,413
12423,413
12424,413
12425,413
12426,413
12427,413
12428,413
12429,413
12430,413
12431,413
14001,501
14002,501
14003,501
14004,501
14005,501
14006,501
14007,501
14008,501
14009,501
14010,501
14011,501
14012,501
14013,501
14014,501
14015,501
14016,501
14017,501
14018,501
14020,501
14021,501
14022,501
14023,501
14025,501
14026,501
14027,501
14028,501
14029,501
14030,501
14031,501
14032,501
14201,502
14202,502
14203,502
14204,502
14205,502
14206,502
14207,502
14208,502
14209,502
14210,502
14211,502
14212,502
14213,502
14214,502
14215,502
14216,502
14217,502
14218,502
14219,502
14220,502
14221,502
14222,502
14401,503
14402,503
14403,503
14404,503
14405,503
14406,503
14407,503
14408,503
14409,503
14410,503
14411,503
14412,503
14413,503
14414,503
14415,503
14416,503
14417,503
14418,503
14419,503
14420,503
14421,503
14422,503
14423,503
14424,503
14425,503
14426,503
14427,503
14428,503
14429,503
14430,503
14431,503
14432,503
14433,503
14434,503
14435,503
14436,503
14437,503
14438,503
14439,503
14440,503
14601,504
14602,504
14603,504
14604,504
14605,504
14606,504
14607,504
14608,504
14609,504
14610,504
14611,504
14612,504
14613,504
14614,504
14615,504
14616,504
14617,504
14618,504
14619,504
14620,504
14621,504
14622,504
14623,504
14624,504
14625,504
14626,504
14627,504
14628,504
14629,504
14630,504
14631,504
14632,504
14633,504
14634,504
14635,504
14636,504
14637,504
14638,504
14801,505
14802,505
14803,505
14804,505
14805,505
14806,505
14807,505
14808,505
14809,505
14810,505
14811,505
14812,505
14813,505
14814,505
14815,505
14816,505
15001,506
15002,506
15003,506
15004,506
15005,506
15006,506
15007,506
15201,507
15202,507
15203,507
15204,507
15205,507
15206,507
15207,507
15208,507
15209,507
15210,507
15211,507
15212,507
15213,507
15214,507
15215,507
15216,507
15217,507
15218,507
15219,507
15220,507
15221,507
15222,507
15223,507
15224,507
15225,507
15226,507
15227,507
15228,507
15229,507
15230,507
15231,507
15232,507
15233,507
15234,507
15235,507
15236,507
15237,507
15238,507
15239,507
15240,507
15241,507
15242,507
15243,507
15244,507
15245,507
15246,507
15247,507
15248,507
15249,507
15401,508
15402,508
15403,508
15404,508
15405,508
15406,508
15407,508
15408,508
15409,508
15410,508
15411,508
15412,508
15413,508
15414,508
15415,508
15416,508
15417,508
15418,508
15419,508
15601,509
15602,509
15603,509
15604,509
15605,509
15606,509
15607,509
15608,509
15609,509
15610,509
15611,509
15612,509
15613,509
15614,509
15615,509
15616,509
15617,509
15618,509
15619,509
15620,509
15621,509
15622,509
15623,509
15624,509
15625,509
15626,509
15627,509
15628,509
15629,509
15630,509
15631,509
15632,509
15633,509
15634,509
15635,509
15636,509
15637,509
15801,510
15802,510
15803,510
15804,510
15805,510
15806,510
15807,510
15808,510
15809,510
15810,510
15811,510
15812,510
15813,510
15814,510
15815,510
15816,510
15817,510
15818,510
15819,510
15820,510
15821,510
15822,510
15823,510
15824,510
15825,510
15826,510
15827,510
15828,510
16001,511
16002,511
16003,511
16004,511
16005,511
16006,511
16007,511
16008,511
16009,511
16010,511
16011,511
16012,511
16013,511
16014,511
16015,511
16016,511
16017,511
16018,511
16019,511
16020,511
16021,511
16022,511
16023,511
16024,511
16025,511
16026,511
16027,511
16028,511
16029,511
16030,511
16031,511
16032,511
16033,511
16034,511
16035,511
16036,511
16037,511
16038,511
16039,511
16040,511
16041,511
16042,511
16043,511
16044,511
16045,511
16046,511
16047,511
16048,511
16201,512
16202,512
16203,512
16204,512
16205,512
16206,512
16207,512
16208,512
16209,512
16210,512
16211,512
16212,512
16213,512
16214,512
16215,512
16216,512
16217,512
16218,512
16219,512
16220,512
16221,512
16222,512
16223,512
16224,512
16225,512
16226,512
16227,512
16228,512
18001,601
18002,601
18003,601
18004,601
18006,601
18007,601
18008,601
18009,601
18010,601
18011,601
18012,601
18013,601
18014,601
18015,601
18016,601
18017,601
18018,601
18019,601
18020,601
18021,601
18022,601
18023,601
18024,601
18025,601
18026,601
18027,601
18028,601
18029,601
18030,601
18031,601
18032,601
18033,601
18034,601
18035,601
18036,601
18037,601
18038,601
18039,601
18040,601
18041,601
18201,602
18202,602
18203,602
18204,602
18205,602
18206,602
18207,602
18208,602
18209,602
18210,602
18211,602
18212,602
18213,602
18214,602
18215,602
18216,602
18217,602
18218,602
18219,602
18220,602
18221,602
18222,602
18223,602
18224,602
18225,602
18226,602
18227,602
18228,602
18229,602
18230,602
18231,602
18232,602
18233,602
18234,602
18235,602
18236,602
18237,602
18238,602
18239,602
18240,602
18241,602
18242,602
18401,603
18402,603
18403,603
18404,603
18405,603
18406,603
18407,603
18408,603
18409,603
18410,603
18411,603
18412,603
18413,603
18414,603
18415,603
18416,603
18417,603
18418,603
18419,603
18420,603
18421,603
18422,603
18423,603
18424,603
18425,603
18426,603
18427,603
18428,603
18429,603
18430,603
18431,603
18601,604
18602,604
18603,604
18604,604
18605,604
18606,604
18607,604
18608,604
18609,604
18610,604
18611,604
18612,604
18613,604
18614,604
18615,604
18616,604
18617,604
18618,604
18619,604
18620,604
18621,604
18622,604
18623,604
18624,604
18625,604
18626,604
18627,604
18628,604
18629,604
18630,604
18631,604
18632,604
18633,604
18634,604
18635,604
18636,604
18801,605
18802,605
18803,605
18804,605
18805,605
18806,605
18807,605
18808,605
18809,605
18810,605
18811,605
18812,605
18813,605
18814,605
18815,605
18816,605
18817,605
18818,605
18819,605
18820,605
18821,605
18822,605
18823,605
18824,605
18825,605
18826,605
18827,605
18828,605
18829,605
18830,605
18831,605
18832,605
18833,605
18834,605
19001,606
19002,606
19003,606
19004,606
19005,606
19006,606
19007,606
19008,606
19009,606
19010,606
19011,606
19012,606
19013,606
19014,606
19015,606
19016,606
19017,606
19018,606
19019,606
19020,606
19021,606
19022,606
19023,606
19024,606
20001,701
20002,701
20003,701
20004,701
20005,701
20006,701
20007,701
20008,701
20009,701
20010,701
20011,701
20012,701
20013,701
20014,701
20015,701
20016,701
20017,701
20018,701
20019,701
20020,701
20021,701
20022,701
20023,701
20024,701
20025,701
20026,701
20027,701
20028,701
20029,701
20030,701
20031,701
20032,701
20033,701
20034,701
20035,701
20036,701
20037,701
20038,701
20039,701
20040,701
20041,701
20042,701
20043,701
20044,701
20045,701
20046,701
20047,701
20048,701
20049,701
20050,701
20051,701
20052,701
20053,701
20054,701
20055,701
20056,701
20057,701
20058,701
20059,701
20060,701
20061,701
20062,701
20063,701
20064,701
20065,701
20066,701
20067,701
20068,701
20069,701
20070,701
20071,701
20072,701
20073,701
20074,701
20075,701
20076,701
20077,701
20078,701
20079,701
20080,701
20081,701
20082,701
20083,701
20084,701
20085,701
20086,701
20087,701
20088,701
20089,701
20090,701
20091,701
20201,702
20202,702
20203,702
20204,702
20205,702
20206,702
20207,702
20208,702
20209,702
20210,702
20211,702
20212,702
20213,702
20214,702
20215,702
20216,702
20217,702
20218,702
20219,702
20220,702
20221,702
20222,702
20223,702
20224,702
20225,702
20226,702
20227,702
20228,702
20229,702
20230,702
20231,702
20232,702
20233,702
20234,702
20235,702
20236,702
20237,702
20238,702
20239,702
20240,702
20241,702
20242,702
20243,702
20244,702
20245,702
20246,702
20247,702
20248,702
20249,702
20250,702
20251,702
20252,702
20253,702
20254,702
20255,702
20256,702
20257,702
20258,702
20259,702
20260,702
20261,702
20262,702
20263,702
20264,702
20265,702
20266,702
20267,702
20268,702
20269,702
20270,702
20271,702
20272,702
20273,702
20274,702
20275,702
20276,702
20277,702
20278,702
20279,702
20280,702
20281,702
20282,702
20283,702
20401,703
20402,703
20403,703
20404,703
20405,703
20406,703
20407,703
20408,703
20409,703
20410,703
20411,703
20412,703
20413,703
20414,703
20415,703
20416,703
20417,703
20418,703
20419,703
20420,703
20421,703
20422,703
20423,703
20424,703
20425,703
20426,703
20427,703
20428,703
20429,703
20430,703
20431,703
20432,703
20433,703
20434,703
20435,703
20436,703
20437,703
20438,703
20439,703
20440,703
20441,703
20442,703
20601,704
20602,704
20603,704
20604,704
20605,704
20606,704
20607,704
20608,704
20609,704
20610,704
20611,704
20612,704
20613,704
20614,704
20615,704
20616,704
20617,704
20618,704
20619,704
20620,704
20621,704
20622,704
20623,704
20624,704
20625,704
20626,704
20627,704
20628,704
20629,704
20630,704
20631,704
20632,704
20633,704
20634,704
20635,704
20636,704
20637,704
20638,704
20639,704
20640,704
20641,704
20642,704
20643,704
20644,704
20645,704
20646,704
20647,704
20648,704
20649,704
20650,704
20651,704
20652,704
20653,704
20654,704
20655,704
20656,704
20657,704
20801,705
20802,705
20803,705
20804,705
20805,705
20806,705
20807,705
20808,705
20809,705
20810,705
20811,705
20812,705
20813,705
20814,705
20815,705
20816,705
20817,705
20818,705
20819,705
20820,705
20821,705
20822,705
20823,705
20824,705
20825,705
20826,705
20827,705
20828,705
20829,705
20830,705
20831,705
20832,705
20833,705
20834,705
20835,705
20836,705
20837,705
20838,705
20839,705
20840,705
20841,705
20842,705
22001,801
22002,801
22003,801
22004,801
22005,801
22006,801
22007,801
22008,801
22009,801
22010,801
22011,801
22012,801
22013,801
22014,801
22015,801
22016,801
22017,801
22018,801
22019,801
22020,801
22021,801
22022,801
22023,801
22024,801
22025,801
22026,801
22027,801
22028,801
22029,801
22030,801
22031,801
22032,801
22033,801
22034,801
22035,801
22036,801
22037,801
22038,801
22039,801
22040,801
22041,801
22042,801
22043,801
22044,801
22045,801
22046,801
22047,801
22048,801
22049,801
22050,801
22051,801
22052,801
22053,801
22054,801
22055,801
22056,801
22057,801
22058,801
22059,801
22060,801
22061,801
22062,801
22063,801
22064,801
22065,801
22066,801
22067,801
22068,801
22069,801
22070,801
22071,801
22072,801
22201,802
22202,802
22203,802
22204,802
22205,802
22206,802
22207,802
22208,802
22209,802
22210,802
22211,802
22212,802
22213,802
22214,802
22215,802
22216,802
22217,802
22218,802
22219,802
22220,802
22221,802
22222,802
22223,802
22224,802
22225,802
22226,802
22227,802
22228,802
22229,802
22230,802
22231,802
22232,802
22233,802
22234,802
22235,802
22236,802
22237,802
22238,802
22239,802
22240,802
22241,802
22242,802
22243,802
22244,802
22245,802
22246,802
22247,802
22248,802
22249,802
22250,802
22251,802
22252,802
22253,802
22254,802
22255,802
22256,802
22257,802
22401,803
22402,803
22403,803
22404,803
22405,803
22406,803
22407,803
22408,803
22409,803
22410,803
22411,803
22412,803
22413,803
22414,803
22415,803
22416,803
22417,803
22418,803
22419,803
22420,803
22421,803
22422,803
22423,803
22424,803
22425,803
22426,803
22427,803
22428,803
22429,803
22430,803
22431,803
22432,803
22433,803
22434,803
22435,803
22436,803
22437,803
22438,803
22439,803
22440,803
22441,803
22442,803
22443,803
22444,803
22445,803
22446,802
22601,804
22602,901
22603,804
22604,804
22605,804
22606,804
22607,804
22608,804
22609,804
22610,804
22611,804
22612,804
22613,804
22614,804
22615,804
22616,804
22617,804
22618,804
22619,804
22620,804
22621,804
22622,804
22623,804
22624,804
22625,804
22626,804
22627,804
22628,804
22629,804
22630,804
22631,804
22632,804
22633,804
22634,804
22635,804
22636,804
22637,804
22638,804
22639,804
22640,804
22641,804
22801,805
22802,805
22803,805
22804,805
22805,805
22806,805
22807,805
22808,805
22809,805
22810,805
22811,805
22812,805
22813,805
22814,805
22815,805
22816,805
22817,805
22818,805
22819,805
22820,906
22821,805
22822,805
22823,805
22824,805
22825,805
22826,805
22827,805
22828,805
22829,805
22830,805
22831,805
22832,805
22833,805
22834,805
22835,805
22836,805
22837,805
22838,805
22839,805
22840,805
22841,805
24001,901
24002,901
24003,901
24004,901
24005,901
24006,901
24007,901
24008,901
24009,901
24010,901
24011,901
24012,901
24013,901
24014,901
24015,901
24016,901
24017,901
24018,901
24019,901
24020,901
24021,901
24022,901
24023,901
24024,901
24025,901
24026,901
24027,901
24028,901
24029,901
24030,901
24031,901
24032,901
24033,901
24034,901
24035,901
24036,901
24037,901
24038,901
24039,901
24040,901
24041,901
24042,901
24201,902
24202,902
24203,902
24204,902
24205,902
24206,902
24207,902
24208,902
24209,902
24210,902
24211,902
24212,902
24213,902
24214,902
24215,902
24216,902
24217,902
24218,902
24219,902
24220,902
24221,902
24222,902
24223,902
24224,902
24225,902
24226,902
24227,902
24228,902
24229,902
24230,902
24231,902
24232,902
24401,903
24402,903
24403,903
24404,903
24405,903
24406,903
24407,903
24408,903
24409,903
24410,903
24411,903
24412,903
24413,903
24414,903
24415,903
24416,903
24417,903
24418,903
24419,903
24420,903
24421,903
24422,903
24423,903
24601,904
24602,904
24603,904
24604,904
24605,904
24606,904
24607,904
24608,904
24609,904
24610,904
24611,904
24612,904
24613,904
24614,904
24615,904
24616,904
24801,905
24802,905
24803,905
24804,905
24805,905
24806,905
24807,905
24808,905
24809,905
24810,905
24811,905
24812,905
24813,905
24814,905
24815,905
24816,905
24817,905
24818,905
24819,905
24820,905
24821,905
24822,905
24823,905
24824,905
24825,905
24826,905
24827,905
24828,905
24829,905
24830,905
25001,906
25002,906
25003,906
25004,906
25005,906
25006,906
25007,906
25008,906
25009,906
25010,906
25011,906
25012,906
25013,906
25014,906
25015,906
25016,906
25017,906
25018,906
25019,906
25020,906
25021,906
25022,906
25023,906
25024,906
25025,906
25026,906
25027,906
25028,906
25029,906
25030,906
25031,906
25032,906
25033,906
25034,906
25035,906
25036,906
50001,1001
50002,1001
50003,1001
50004,1001
50005,1001
50006,1001
50007,1001
50009,1001
50010,1001
50011,1001
50012,1001
50013,1001
50014,1001
50015,1001
50016,1001
50501,1101
50502,1101
50503,1101
50504,1101
50505,1101
50506,1101
50507,1101
50508,1101
50509,1101
50510,1101
50511,1101
50512,1101
50513,1101
50514,1101
50515,1101
50516,1101
50517,1101
50518,1101
50519,1101
50520,1101
50521,1101
50522,1101
50523,1101
50524,1101
50525,1101
50526,1101
50527,1101
50528,1101
50529,1101
50530,1101
50531,1101
50532,1101
50533,1101
50534,1101
50535,1101
50536,1101
50537,1101
50538,1101
52001,1201
52002,1201
52003,1201
52004,1201
52005,1201
52006,1201
52007,1201
52008,1201
52009,1201
52010,1201
52011,1201
52012,1201
52501,1301
52502,1301
52503,1301
52504,1301
52505,1301
52506,1301
52507,1301
52508,1301
52509,1301
52510,1301
52511,1301
52512,1301
52513,1301
53001,1401
53002,1401
53501,1501
53502,1501
53503,1501
53504,1501
53505,1501
53506,1501
53507,1501
53508,1501
53509,1501
53510,1501
54001,1601
54002,1601
54003,1601
54004,1601
54005,1601
54006,1601
54007,1601
54008,1601
54009,1601
54010,1601
54011,1601
54012,1601
54013,1601
54014,1601
54501,1701
54502,1701
54503,1701
54504,1701
54505,1701
54506,1701
54507,1701
54508,1701
54509,1701
54510,1701
54511,1701
54512,1701
54513,1701
54514,1701
54515,1701
54516,1701
54517,1701
54518,1701
54519,1701
54520,1701
54521,1701
54522,1701
54523,1701
54524,1701
54525,1701
55001,1801
55002,1801
55003,1801
55004,1801
55005,1801
55006,1801
55007,1801
55008,1801
55009,1801
55010,1801
55011,1801
55012,1801
55501,1901
55502,1901
55503,1901
55504,1901
55505,1901
55506,1901
55507,1901
55508,1901
55509,1901
55510,1901
55511,1901
56001,2001
56002,2001
56003,2001
56004,2001
56005,2001
56006,2001
56007,2001
56008,2001
56009,2001
56010,2001
56011,2001
56012,2001
56013,2001
56501,2101
56502,2101
56503,2101
56504,2101
57001,2201
57002,2201
57003,2201
57004,2201
57005,2201
57006,2201
57007,2201
57501,2301
57502,2301
57503,2301
57504,2301
57505,2301
57506,2301
57507,2301
57508,2301
57509,2301
57510,2301
57511,2301
57512,2301
57513,2301
58001,2401
58002,2401
58003,2401
58004,2401
58005,2401
58006,2401
58007,2401
58008,2401
58009,2401
58010,2401
58011,2401
58012,2401
58013,2401
58014,2401
58015,2401
58016,2401
58017,2401
58018,2401
58019,2401
58020,2401
58021,2401
58022,2401
58023,2401
58024,2401
58025,2401
58026,2401
58501,2501
58502,2501
58503,2501
58504,2501
58505,2501
58506,2501
58507,2501
90001,306
90002,306
90003,205
90004,413
90005,412
90006,602
90007,205
90009,206
90010,401
90011,701
90012,412
90013,117
90014,701
90015,803
90016,205
90017,504
90018,504
90019,801
90020,311
90021,701
90022,411
90023,402
90024,802
90025,412
90026,411
90027,412
90028,117
90029,206
90030,205
90031,511
90032,203
90033,203
90034,801
90035,202
90036,801
90037,117
90038,701
90039,701
90040,118
90041,108
90042,203
90043,203
90044,805
90045,106
90046,206
90047,117
90048,308
90049,206
90050,202
90051,512
90052,201
90053,412
90054,412
90055,206
90056,206
90057,203
90058,601
90059,106
90060,117
90061,504
90062,117
90063,701
90064,203
90065,117
90066,117
90067,117
90068,115
90069,409
90070,701
90071,402
90072,701
90073,409
90074,117
90075,104
90076,113
90077,311
90078,203
90079,409
90080,114
90081,202
90082,403
90083,412
90084,509
90085,410
90086,118
90087,206
90088,401
90089,117
90090,203
90091,202
90092,115
90093,206
90095,401
90096,117
90097,108
90098,202
90099,701
90101,401
90102,117
90103,117
90104,412
90105,202
90106,512
90107,412
90108,409
90109,401
90110,701
90111,202
90112,202
90113,202
90114,412
90115,511
90116,113
90117,202
90118,604
90119,108
90120,203
90122,805
90123,118
90125,412
90126,413
90127,410
90128,101
90129,510
90130,205
90131,410
90132,307
90133,117
90134,409
90135,605
90136,310
90137,203
90138,205
90139,104
90140,401
90142,411
90143,202
90144,412
90145,410
90146,507
90148,401
90149,803
90150,604
90151,206
90152,105
90153,802
90155,206
90156,311
90157,203
90158,2401
90159,206
90160,802
90161,201
90162,504
90163,401
90164,413
90165,401
90166,601
90167,311
90168,509
90169,509
90170,311
90171,2401
90172,403
90173,403
90175,413
90176,401
90177,2401
90178,2401
90179,905
90181,703
90182,510
90183,803
90185,802
90200,202
90201,2001
90202,2001
90203,2001
90204,2001
90205,801
97068,0
100000,0
100001,0
100002,0
100010,0
100011,0
100012,0
100013,0
100014,0
100015,0
100016,0
100017,0
100018,0
100019,0
100020,0
100021,0
100022,0
100023,0
100024,0
100025,0
100026,0
100027,0
100028,0
100029,0
100030,0
100031,0
100032,0
100033,0
100034,0
100035,0
100036,0
